date,portfolio_value,cash,total_assets,daily_pnl,positions_count,cumulative_return,hit_ratio,total_trades,winning_trades,holdings
2024-01-02,3000000.0,7000000.0,10000000.0,0.0,3,0.0,0.0,0,0,"['NVDA UW Equity', 'META UW Equity', 'TXN UW Equity']"
2024-01-03,2967420.3100794354,7000000.0,9967420.310079435,-32579.689920564648,3,-0.003257968992056548,0.0,0,0,"['NVDA UW Equity', 'META UW Equity', 'TXN UW Equity']"
2024-01-04,2970538.323271202,7000000.0,9970538.323271202,-29461.676728798193,3,-0.002946167672879807,0.0,0,0,"['NVDA UW Equity', 'META UW Equity', 'TXN UW Equity']"
2024-01-05,3011053.7725830674,7000000.0,10011053.772583067,11053.772583067534,3,0.0011053772583067278,0.0,0,0,"['NVDA UW Equity', 'META UW Equity', 'TXN UW Equity']"
2024-01-08,3116275.035364721,7000000.0,10116275.035364721,116275.03536472062,3,0.011627503536472128,0.0,0,0,"['NVDA UW Equity', 'META UW Equity', 'TXN UW Equity']"
2024-01-09,3131669.54062808,7000000.0,10131669.54062808,131669.5406280798,3,0.013166954062807879,0.0,0,0,"['NVDA UW Equity', 'META UW Equity', 'TXN UW Equity']"
2024-01-10,2116467.2464759257,8069825.868491726,10186293.114967652,116467.24647592579,2,0.018629311496765277,1.0,1,1,"['NVDA UW Equity', 'TXN UW Equity']"
2024-01-11,3116517.9669808634,7069825.868491726,10186343.83547259,116517.96698086313,3,0.01863438354725888,1.0,1,1,"['NVDA UW Equity', 'TXN UW Equity', 'PANW UW Equity']"
2024-01-12,3115289.63033588,7069825.868491726,10185115.498827606,115289.63033587986,3,0.018511549882760603,1.0,1,1,"['NVDA UW Equity', 'TXN UW Equity', 'PANW UW Equity']"
2024-01-16,3165204.137886126,7069825.868491726,10235030.006377852,165204.13788612606,3,0.02350300063778521,1.0,1,1,"['NVDA UW Equity', 'TXN UW Equity', 'PANW UW Equity']"
2024-01-17,3143566.8954858864,7069825.868491726,10213392.763977613,143566.8954858865,3,0.021339276397761342,1.0,1,1,"['NVDA UW Equity', 'TXN UW Equity', 'PANW UW Equity']"
2024-01-18,3209656.660411928,7069825.868491726,10279482.528903654,209656.66041192808,3,0.0279482528903654,1.0,1,1,"['NVDA UW Equity', 'TXN UW Equity', 'PANW UW Equity']"
2024-01-19,2069987.24989858,8304898.9460535925,10374886.195952173,69987.2498985799,2,0.03748861959521732,1.0,2,2,"['TXN UW Equity', 'PANW UW Equity']"
2024-01-22,2101410.8426148887,8304898.9460535925,10406309.788668482,101410.84261488845,2,0.04063097886684819,1.0,2,2,"['TXN UW Equity', 'PANW UW Equity']"
2024-01-23,2093971.6981784394,8304898.9460535925,10398870.644232031,93971.6981784394,2,0.039887064423203,1.0,2,2,"['TXN UW Equity', 'PANW UW Equity']"
2024-01-24,2056564.5719442167,8304898.9460535925,10361463.517997809,56564.57194421673,2,0.036146351799780874,1.0,2,2,"['TXN UW Equity', 'PANW UW Equity']"
2024-01-25,2040753.621036803,8304898.9460535925,10345652.567090396,40753.62103680265,2,0.03456525670903954,1.0,2,2,"['TXN UW Equity', 'PANW UW Equity']"
2024-01-26,3028035.1392720626,7304898.9460535925,10332934.085325655,28035.139272062457,3,0.03329340853256535,1.0,2,2,"['TXN UW Equity', 'PANW UW Equity', 'NVDA UW Equity']"
2024-01-29,3071738.6453209408,7304898.9460535925,10376637.591374533,71738.64532094053,3,0.037663759137453345,1.0,2,2,"['TXN UW Equity', 'PANW UW Equity', 'NVDA UW Equity']"
2024-01-30,3055206.8679245384,7304898.9460535925,10360105.813978132,55206.86792453856,3,0.0360105813978131,1.0,2,2,"['TXN UW Equity', 'PANW UW Equity', 'NVDA UW Equity']"
2024-01-31,3000558.364439135,7304898.9460535925,10305457.310492728,558.3644391348353,3,0.030545731049272717,1.0,2,2,"['TXN UW Equity', 'PANW UW Equity', 'NVDA UW Equity']"
2024-02-01,3027108.8448699275,7304898.9460535925,10332007.79092352,27108.844869927503,3,0.033200779092352084,1.0,2,2,"['TXN UW Equity', 'PANW UW Equity', 'NVDA UW Equity']"
2024-02-02,3091283.102079246,7304898.9460535925,10396182.048132839,91283.10207924584,3,0.03961820481328382,1.0,2,2,"['TXN UW Equity', 'PANW UW Equity', 'NVDA UW Equity']"
2024-02-05,3139691.3224592693,7304898.9460535925,10444590.268512862,139691.32245926897,3,0.04445902685128611,1.0,2,2,"['TXN UW Equity', 'PANW UW Equity', 'NVDA UW Equity']"
2024-02-06,3109146.0076152002,7304898.9460535925,10414044.953668792,109146.00761520036,3,0.04140449536687929,1.0,2,2,"['TXN UW Equity', 'PANW UW Equity', 'NVDA UW Equity']"
2024-02-07,3213378.196120171,7304898.9460535925,10518277.142173763,213378.196120171,3,0.05182771421737642,1.0,2,2,"['TXN UW Equity', 'PANW UW Equity', 'NVDA UW Equity']"
2024-02-08,3222171.4743901375,7304898.9460535925,10527070.42044373,222171.47439013736,3,0.052707042044373154,1.0,2,2,"['TXN UW Equity', 'PANW UW Equity', 'NVDA UW Equity']"
2024-02-09,3306483.7594723534,7304898.9460535925,10611382.705525946,306483.75947235315,3,0.06113827055259469,1.0,2,2,"['TXN UW Equity', 'PANW UW Equity', 'NVDA UW Equity']"
2024-02-12,3285329.356492965,7304898.9460535925,10590228.302546557,285329.3564929648,3,0.0590228302546556,1.0,2,2,"['TXN UW Equity', 'PANW UW Equity', 'NVDA UW Equity']"
2024-02-13,3246903.334887522,7304898.9460535925,10551802.280941114,246903.33488752157,3,0.05518022809411138,1.0,2,2,"['TXN UW Equity', 'PANW UW Equity', 'NVDA UW Equity']"
2024-02-14,3282180.3818450184,7304898.9460535925,10587079.32789861,282180.3818450181,3,0.05870793278986097,1.0,2,2,"['TXN UW Equity', 'PANW UW Equity', 'NVDA UW Equity']"
2024-02-15,4274126.6238595005,6304898.9460535925,10579025.569913093,274126.6238595006,4,0.057902556991309195,1.0,2,2,"['TXN UW Equity', 'PANW UW Equity', 'NVDA UW Equity', 'ABNB UW Equity']"
2024-02-16,4269986.726147395,6272049.684844892,10542036.410992287,269986.72614739405,4,0.054203641099228816,0.6666666666666666,3,2,"['TXN UW Equity', 'PANW UW Equity', 'NVDA UW Equity', 'CSCO UW Equity']"
2024-02-20,4227844.154689277,6272049.684844892,10499893.839534167,227844.15468927682,4,0.04998938395341668,0.6666666666666666,3,2,"['TXN UW Equity', 'PANW UW Equity', 'NVDA UW Equity', 'CSCO UW Equity']"
2024-02-21,3075758.48964978,7081873.790690512,10157632.280340292,75758.48964977975,3,0.015763228034029186,0.5,4,2,"['TXN UW Equity', 'NVDA UW Equity', 'CSCO UW Equity']"
2024-02-22,4266910.044352911,6081873.790690512,10348783.835043423,266910.0443529105,4,0.03487838350434225,0.5,4,2,"['TXN UW Equity', 'NVDA UW Equity', 'CSCO UW Equity', 'ABNB UW Equity']"
2024-02-23,2258517.71665956,8073798.207611151,10332315.924270712,258517.71665955998,2,0.03323159242707119,0.5,6,3,"['TXN UW Equity', 'NVDA UW Equity']"
2024-02-26,3266627.5464525535,7073798.207611151,10340425.754063705,266627.5464525535,3,0.03404257540637046,0.5,6,3,"['TXN UW Equity', 'NVDA UW Equity', 'CSCO UW Equity']"
2024-02-27,4262142.62712932,6073798.207611151,10335940.834740471,262142.62712932006,4,0.03359408347404713,0.5,6,3,"['TXN UW Equity', 'NVDA UW Equity', 'CSCO UW Equity', 'PANW UW Equity']"
2024-02-28,4233192.228490391,6073798.207611151,10306990.43610154,233192.22849039047,4,0.030699043610154186,0.5,6,3,"['TXN UW Equity', 'NVDA UW Equity', 'CSCO UW Equity', 'PANW UW Equity']"
2024-02-29,5270892.9436933445,5073798.207611151,10344691.151304495,270892.9436933438,5,0.03446911513044948,0.5,6,3,"['TXN UW Equity', 'NVDA UW Equity', 'CSCO UW Equity', 'PANW UW Equity', 'ABNB UW Equity']"
2024-03-01,4358726.385745706,6048849.1534322165,10407575.539177923,358726.38574570604,4,0.04075755391779223,0.5,8,4,"['TXN UW Equity', 'NVDA UW Equity', 'CSCO UW Equity', 'NKE UN Equity']"
2024-03-04,4392437.578176058,6063931.798060316,10456369.376236374,392437.5781760579,4,0.04563693762363741,0.5555555555555556,9,5,"['TXN UW Equity', 'NVDA UW Equity', 'NKE UN Equity', 'ABNB UW Equity']"
2024-03-05,5389485.636853332,5063931.798060316,10453417.434913646,389485.6368533317,5,0.04534174349136455,0.5555555555555556,9,5,"['TXN UW Equity', 'NVDA UW Equity', 'NKE UN Equity', 'ABNB UW Equity', 'PEP UW Equity']"
2024-03-06,3427064.0877813576,7106417.713493124,10533481.801274482,427064.0877813578,3,0.05334818012744824,0.6363636363636364,11,7,"['TXN UW Equity', 'NVDA UW Equity', 'NKE UN Equity']"
2024-03-07,1999288.4219773542,8624810.00593467,10624098.427912025,-711.5780226459028,2,0.06240984279120254,0.6666666666666666,12,8,"['TXN UW Equity', 'NKE UN Equity']"
2024-03-08,2991262.4579215255,7624810.005934671,10616072.463856196,-8737.542078474304,3,0.06160724638561965,0.6666666666666666,12,8,"['TXN UW Equity', 'NKE UN Equity', 'NVDA UW Equity']"
2024-03-11,3001235.110138594,7624810.005934671,10626045.116073266,1235.1101385945221,3,0.06260451160732661,0.6666666666666666,12,8,"['TXN UW Equity', 'NKE UN Equity', 'NVDA UW Equity']"
2024-03-12,2016044.4125450398,8674908.26020759,10690952.67275263,16044.412545039668,2,0.06909526727526294,0.6923076923076923,13,9,"['TXN UW Equity', 'NKE UN Equity']"
2024-03-13,3015101.5568774603,7674908.26020759,10690009.81708505,15101.556877460447,3,0.0690009817085051,0.6923076923076923,13,9,"['TXN UW Equity', 'NKE UN Equity', 'NVDA UW Equity']"
2024-03-14,2962814.5974953827,7674908.26020759,10637722.857702972,-37185.40250461723,3,0.06377228577029714,0.6923076923076923,13,9,"['TXN UW Equity', 'NKE UN Equity', 'NVDA UW Equity']"
2024-03-15,3963699.369385872,6674908.26020759,10638607.629593462,-36300.63061412808,4,0.06386076295934617,0.6923076923076923,13,9,"['TXN UW Equity', 'NKE UN Equity', 'NVDA UW Equity', 'ADBE UW Equity']"
2024-03-18,2942114.812798564,7718363.566222291,10660478.379020855,-57885.18720143603,3,0.06604783790208546,0.7142857142857143,14,10,"['TXN UW Equity', 'NKE UN Equity', 'NVDA UW Equity']"
2024-03-19,2949990.3197526215,7718363.566222291,10668353.885974914,-50009.680247378186,3,0.06683538859749127,0.7142857142857143,14,10,"['TXN UW Equity', 'NKE UN Equity', 'NVDA UW Equity']"
2024-03-20,2982773.5881889705,7718363.566222291,10701137.154411262,-17226.411811029422,3,0.07011371544112621,0.7142857142857143,14,10,"['TXN UW Equity', 'NKE UN Equity', 'NVDA UW Equity']"
2024-03-21,2009269.4771823918,8724381.962490225,10733651.439672617,9269.477182391798,2,0.07336514396726179,0.7333333333333333,15,11,"['TXN UW Equity', 'NKE UN Equity']"
2024-03-22,2940303.9239469194,7724381.962490225,10664685.886437144,-59696.0760530805,3,0.06646858864371441,0.7333333333333333,15,11,"['TXN UW Equity', 'NKE UN Equity', 'ADBE UW Equity']"
2024-03-25,1929594.0675457376,8739816.779914953,10669410.84746069,-70405.9324542624,2,0.06694108474606919,0.75,16,12,"['TXN UW Equity', 'NKE UN Equity']"
2024-03-26,1900740.2415586617,8739816.779914953,10640557.021473614,-99259.7584413382,2,0.06405570214736156,0.75,16,12,"['TXN UW Equity', 'NKE UN Equity']"
2024-03-27,2945258.2480908027,7739816.779914953,10685075.028005756,-54741.751909197425,3,0.06850750280057571,0.75,16,12,"['TXN UW Equity', 'NKE UN Equity', 'NVDA UW Equity']"
2024-03-28,2923632.3087179856,7769061.72851474,10692694.037232727,-76367.69128201436,3,0.06926940372327262,0.7647058823529411,17,13,"['NKE UN Equity', 'NVDA UW Equity', 'PDD UW Equity']"
2024-04-01,3934804.1628745855,6769061.72851474,10703865.891389325,-65195.8371254144,4,0.07038658913893259,0.7647058823529411,17,13,"['NKE UN Equity', 'NVDA UW Equity', 'PDD UW Equity', 'ABNB UW Equity']"
2024-04-02,4881038.392129569,5769061.72851474,10650100.120644309,-118961.60787043034,5,0.0650100120644308,0.7647058823529411,17,13,"['NKE UN Equity', 'NVDA UW Equity', 'PDD UW Equity', 'ABNB UW Equity', 'ADBE UW Equity']"
2024-04-03,4871436.161066114,5769061.72851474,10640497.889580853,-128563.83893388603,5,0.06404978895808533,0.7647058823529411,17,13,"['NKE UN Equity', 'NVDA UW Equity', 'PDD UW Equity', 'ABNB UW Equity', 'ADBE UW Equity']"
2024-04-04,5784647.653518466,4769061.72851474,10553709.382033207,-215352.34648153326,6,0.05537093820332073,0.7647058823529411,17,13,"['NKE UN Equity', 'NVDA UW Equity', 'PDD UW Equity', 'ABNB UW Equity', 'ADBE UW Equity', 'CSCO UW Equity']"
2024-04-05,5832227.053624079,4769061.72851474,10601288.782138819,-167772.94637592067,6,0.0601288782138818,0.7647058823529411,17,13,"['NKE UN Equity', 'NVDA UW Equity', 'PDD UW Equity', 'ABNB UW Equity', 'ADBE UW Equity', 'CSCO UW Equity']"
2024-04-08,5814459.331661348,4769061.72851474,10583521.06017609,-185540.66833865084,6,0.058352106017608874,0.7647058823529411,17,13,"['NKE UN Equity', 'NVDA UW Equity', 'PDD UW Equity', 'ABNB UW Equity', 'ADBE UW Equity', 'CSCO UW Equity']"
2024-04-09,4862991.775900341,5808554.557448434,10671546.333348773,-137008.22409965936,5,0.06715463333487737,0.7777777777777778,18,14,"['NKE UN Equity', 'NVDA UW Equity', 'PDD UW Equity', 'ABNB UW Equity', 'ADBE UW Equity']"
2024-04-10,5824743.159277291,4808554.557448434,10633297.716725726,-175256.84072270908,6,0.06332977167257248,0.7777777777777778,18,14,"['NKE UN Equity', 'NVDA UW Equity', 'PDD UW Equity', 'ABNB UW Equity', 'ADBE UW Equity', 'AAPL UW Equity']"
2024-04-11,3919149.8073325017,6864373.710966604,10783523.518299107,-80850.19266749825,4,0.07835235182991074,0.8,20,16,"['NKE UN Equity', 'NVDA UW Equity', 'PDD UW Equity', 'ADBE UW Equity']"
2024-04-12,5823382.240692243,4864373.710966604,10687755.951658847,-176617.7593077569,6,0.0687755951658846,0.8,20,16,"['NKE UN Equity', 'NVDA UW Equity', 'PDD UW Equity', 'ADBE UW Equity', 'ABNB UW Equity', 'CSCO UW Equity']"
2024-04-15,5762756.153665209,4864373.710966604,10627129.864631813,-237243.8463347908,6,0.06271298646318124,0.8,20,16,"['NKE UN Equity', 'NVDA UW Equity', 'PDD UW Equity', 'ADBE UW Equity', 'ABNB UW Equity', 'CSCO UW Equity']"
2024-04-16,5786957.833877667,4864373.710966604,10651331.54484427,-213042.16612233233,6,0.06513315448442691,0.8,20,16,"['NKE UN Equity', 'NVDA UW Equity', 'PDD UW Equity', 'ADBE UW Equity', 'ABNB UW Equity', 'CSCO UW Equity']"
2024-04-17,7767467.728279312,2864373.710966604,10631841.439245917,-232532.27172068798,8,0.0631841439245917,0.8,20,16,"['NKE UN Equity', 'NVDA UW Equity', 'PDD UW Equity', 'ADBE UW Equity', 'ABNB UW Equity', 'CSCO UW Equity', 'AAPL UW Equity', 'TXN UW Equity']"
2024-04-18,7782616.502549908,2864373.710966604,10646990.213516511,-217383.49745009234,8,0.06469902135165118,0.8,20,16,"['NKE UN Equity', 'NVDA UW Equity', 'PDD UW Equity', 'ADBE UW Equity', 'ABNB UW Equity', 'CSCO UW Equity', 'AAPL UW Equity', 'TXN UW Equity']"
2024-04-19,7594896.0247637015,2864373.710966604,10459269.735730305,-405103.97523629875,8,0.04592697357303055,0.8,20,16,"['NKE UN Equity', 'NVDA UW Equity', 'PDD UW Equity', 'ADBE UW Equity', 'ABNB UW Equity', 'CSCO UW Equity', 'AAPL UW Equity', 'TXN UW Equity']"
2024-04-22,6689769.8485929575,3932244.6787085393,10622014.527301498,-310230.1514070423,7,0.062201452730149764,0.8095238095238095,21,17,"['NKE UN Equity', 'NVDA UW Equity', 'ADBE UW Equity', 'ABNB UW Equity', 'CSCO UW Equity', 'AAPL UW Equity', 'TXN UW Equity']"
2024-04-23,6781893.868585039,3932244.6787085393,10714138.547293577,-218106.13141496095,7,0.07141385472935768,0.8095238095238095,21,17,"['NKE UN Equity', 'NVDA UW Equity', 'ADBE UW Equity', 'ABNB UW Equity', 'CSCO UW Equity', 'AAPL UW Equity', 'TXN UW Equity']"
2024-04-24,4786419.772570507,5993294.984769406,10779714.757339913,-213580.22742949356,5,0.07797147573399132,0.8260869565217391,23,19,"['NKE UN Equity', 'NVDA UW Equity', 'ADBE UW Equity', 'ABNB UW Equity', 'CSCO UW Equity']"
2024-04-25,4800830.677138924,5993294.984769406,10794125.661908329,-199169.32286107633,5,0.07941256619083292,0.8260869565217391,23,19,"['NKE UN Equity', 'NVDA UW Equity', 'ADBE UW Equity', 'ABNB UW Equity', 'CSCO UW Equity']"
2024-04-26,3883091.4752466627,6980302.615208671,10863394.090455335,-116908.52475333714,4,0.08633940904553339,0.7916666666666666,24,19,"['NKE UN Equity', 'NVDA UW Equity', 'ADBE UW Equity', 'ABNB UW Equity']"
2024-04-29,3861328.1843739906,6980302.615208671,10841630.799582662,-138671.8156260096,4,0.08416307995826622,0.7916666666666666,24,19,"['NKE UN Equity', 'NVDA UW Equity', 'ADBE UW Equity', 'ABNB UW Equity']"
2024-04-30,4785043.159328864,5980302.615208671,10765345.774537535,-214956.84067113628,5,0.07653457745375358,0.7916666666666666,24,19,"['NKE UN Equity', 'NVDA UW Equity', 'ADBE UW Equity', 'ABNB UW Equity', 'NOW UN Equity']"
2024-05-01,4715840.511717882,5980302.615208671,10696143.126926553,-284159.48828211846,5,0.06961431269265517,0.7916666666666666,24,19,"['NKE UN Equity', 'NVDA UW Equity', 'ADBE UW Equity', 'ABNB UW Equity', 'NOW UN Equity']"
2024-05-02,4809498.174715151,5980302.615208671,10789800.789923823,-190501.82528484904,5,0.07898007899238224,0.7916666666666666,24,19,"['NKE UN Equity', 'NVDA UW Equity', 'ADBE UW Equity', 'ABNB UW Equity', 'NOW UN Equity']"
2024-05-03,3864339.2795376102,7013937.392298946,10878276.671836557,-135660.72046238964,4,0.08782766718365576,0.8,25,20,"['NKE UN Equity', 'NVDA UW Equity', 'ADBE UW Equity', 'ABNB UW Equity']"
2024-05-06,3942558.7220513206,7013937.392298946,10956496.114350267,-57441.27794867905,4,0.0956496114350267,0.8,25,20,"['NKE UN Equity', 'NVDA UW Equity', 'ADBE UW Equity', 'ABNB UW Equity']"
2024-05-07,3912722.026523693,7013937.392298946,10926659.418822639,-87277.97347630677,4,0.09266594188226396,0.8,25,20,"['NKE UN Equity', 'NVDA UW Equity', 'ADBE UW Equity', 'ABNB UW Equity']"
2024-05-08,3888945.792408707,7013937.392298946,10902883.184707653,-111054.20759129326,4,0.09028831847076524,0.8,25,20,"['NKE UN Equity', 'NVDA UW Equity', 'ADBE UW Equity', 'ABNB UW Equity']"
2024-05-09,2866840.514642868,7936633.006278993,10803473.52092186,-133159.48535713193,3,0.08034735209218602,0.7692307692307693,26,20,"['NKE UN Equity', 'NVDA UW Equity', 'ADBE UW Equity']"
2024-05-10,2854603.3317086985,7936633.006278993,10791236.337987691,-145396.66829130112,3,0.07912363379876908,0.7692307692307693,26,20,"['NKE UN Equity', 'NVDA UW Equity', 'ADBE UW Equity']"
2024-05-13,2879490.3153342493,7936633.006278993,10816123.321613241,-120509.68466575094,3,0.08161233216132402,0.7692307692307693,26,20,"['NKE UN Equity', 'NVDA UW Equity', 'ADBE UW Equity']"
2024-05-14,2876438.614888132,7936633.006278993,10813071.621167125,-123561.38511186768,3,0.08130716211671252,0.7692307692307693,26,20,"['NKE UN Equity', 'NVDA UW Equity', 'ADBE UW Equity']"
2024-05-15,3920552.048724014,6936633.006278993,10857185.055003006,-79447.95127598592,4,0.08571850550030069,0.7692307692307693,26,20,"['NKE UN Equity', 'NVDA UW Equity', 'ADBE UW Equity', 'PANW UW Equity']"
2024-05-16,3927863.2334169582,6936633.006278993,10864496.239695951,-72136.76658304152,4,0.0864496239695951,0.7692307692307693,26,20,"['NKE UN Equity', 'NVDA UW Equity', 'ADBE UW Equity', 'PANW UW Equity']"
2024-05-17,3915584.264960817,6936633.006278993,10852217.27123981,-84415.73503918282,4,0.08522172712398102,0.7692307692307693,26,20,"['NKE UN Equity', 'NVDA UW Equity', 'ADBE UW Equity', 'PANW UW Equity']"
2024-05-20,3958534.6734062685,6936633.006278993,10895167.679685261,-41465.32659373141,4,0.08951676796852603,0.7692307692307693,26,20,"['NKE UN Equity', 'NVDA UW Equity', 'ADBE UW Equity', 'PANW UW Equity']"
2024-05-21,3931092.2748667253,6936633.006278993,10867725.281145718,-68907.7251332748,4,0.0867725281145717,0.7692307692307693,26,20,"['NKE UN Equity', 'NVDA UW Equity', 'ADBE UW Equity', 'PANW UW Equity']"
2024-05-22,2929400.1002131337,7924658.108738009,10854058.208951142,-70599.89978686604,3,0.08540582089511406,0.7407407407407407,27,20,"['NKE UN Equity', 'NVDA UW Equity', 'ADBE UW Equity']"
2024-05-23,4015410.983311175,6924658.108738009,10940069.092049183,15410.983311174787,4,0.09400690920491828,0.7407407407407407,27,20,"['NKE UN Equity', 'NVDA UW Equity', 'ADBE UW Equity', 'PANW UW Equity']"
2024-05-24,4065268.6009023944,6924658.108738009,10989926.709640402,65268.60090239451,4,0.0989926709640403,0.7407407407407407,27,20,"['NKE UN Equity', 'NVDA UW Equity', 'ADBE UW Equity', 'PANW UW Equity']"
2024-05-28,3123458.3376209494,7913644.75143002,11037103.08905097,123458.33762094949,3,0.1037103089050968,0.7142857142857143,28,20,"['NKE UN Equity', 'NVDA UW Equity', 'ADBE UW Equity']"
2024-05-29,3128794.8329879716,7913644.75143002,11042439.584417991,128794.83298797137,3,0.10424395844179912,0.7142857142857143,28,20,"['NKE UN Equity', 'NVDA UW Equity', 'ADBE UW Equity']"
2024-05-30,4034783.5049819746,6913644.75143002,10948428.256411994,34783.50498197449,4,0.09484282564119928,0.7142857142857143,28,20,"['NKE UN Equity', 'NVDA UW Equity', 'ADBE UW Equity', 'NOW UN Equity']"
2024-05-31,4059861.59507277,6913644.75143002,10973506.34650279,59861.59507276979,4,0.09735063465027904,0.7142857142857143,28,20,"['NKE UN Equity', 'NVDA UW Equity', 'ADBE UW Equity', 'NOW UN Equity']"
2024-06-03,4106394.85519875,6913644.75143002,11020039.60662877,106394.85519875027,4,0.10200396066287709,0.7142857142857143,28,20,"['NKE UN Equity', 'NVDA UW Equity', 'ADBE UW Equity', 'NOW UN Equity']"
2024-06-04,4162867.255410754,6913644.75143002,11076512.006840773,162867.2554107539,4,0.1076512006840773,0.7142857142857143,28,20,"['NKE UN Equity', 'NVDA UW Equity', 'ADBE UW Equity', 'NOW UN Equity']"
2024-06-05,3195513.560600107,8008189.979865096,11203703.540465202,195513.56060010695,3,0.12037035404652019,0.7241379310344828,29,21,"['NKE UN Equity', 'NVDA UW Equity', 'ADBE UW Equity']"
2024-06-06,3197944.752567758,8008189.979865096,11206134.732432853,197944.75256775809,3,0.12061347324328531,0.7241379310344828,29,21,"['NKE UN Equity', 'NVDA UW Equity', 'ADBE UW Equity']"
2024-06-07,4219495.859926702,7008189.979865096,11227685.839791797,219495.8599267034,4,0.12276858397917967,0.7241379310344828,29,21,"['NKE UN Equity', 'NVDA UW Equity', 'ADBE UW Equity', 'NOW UN Equity']"
2024-06-10,4213094.435857965,7022986.56262722,11236080.998485185,213094.43585796468,4,0.1236080998485185,0.7333333333333333,30,22,"['NKE UN Equity', 'NVDA UW Equity', 'ADBE UW Equity', 'PANW UW Equity']"
2024-06-11,5220195.753358371,6022986.56262722,11243182.31598559,220195.75335837028,5,0.12431823159855893,0.7333333333333333,30,22,"['NKE UN Equity', 'NVDA UW Equity', 'ADBE UW Equity', 'PANW UW Equity', 'PEP UW Equity']"
2024-06-12,5255205.953016298,6022986.56262722,11278192.515643518,255205.95301629824,5,0.12781925156435192,0.7333333333333333,30,22,"['NKE UN Equity', 'NVDA UW Equity', 'ADBE UW Equity', 'PANW UW Equity', 'PEP UW Equity']"
2024-06-13,5303264.715182078,6022986.56262722,11326251.277809298,303264.7151820781,5,0.13262512778092983,0.7333333333333333,30,22,"['NKE UN Equity', 'NVDA UW Equity', 'ADBE UW Equity', 'PANW UW Equity', 'PEP UW Equity']"
2024-06-14,3988043.2146618683,7484260.800854366,11472304.015516235,-11956.785338131944,4,0.14723040155162348,0.7419354838709677,31,23,"['NKE UN Equity', 'ADBE UW Equity', 'PANW UW Equity', 'PEP UW Equity']"
2024-06-17,4012177.9968456146,7484260.800854366,11496438.79769998,12177.996845614747,4,0.14964387976999793,0.7419354838709677,31,23,"['NKE UN Equity', 'ADBE UW Equity', 'PANW UW Equity', 'PEP UW Equity']"
2024-06-18,4010793.628509609,7484260.800854366,11495054.429363975,10793.628509609145,4,0.14950544293639756,0.7419354838709677,31,23,"['NKE UN Equity', 'ADBE UW Equity', 'PANW UW Equity', 'PEP UW Equity']"
2024-06-20,4001812.052056173,7484260.800854366,11486072.85291054,1812.0520561730955,4,0.14860728529105383,0.7419354838709677,31,23,"['NKE UN Equity', 'ADBE UW Equity', 'PANW UW Equity', 'PEP UW Equity']"
2024-06-21,4003754.502773184,7552829.138828365,11556583.64160155,3754.5027731838636,4,0.155658364160155,0.75,32,24,"['NKE UN Equity', 'PANW UW Equity', 'PEP UW Equity', 'NVDA UW Equity']"
2024-06-24,4929851.90667345,6552829.138828365,11482681.045501815,-70148.09332654928,5,0.14826810455018147,0.75,32,24,"['NKE UN Equity', 'PANW UW Equity', 'PEP UW Equity', 'NVDA UW Equity', 'ADBE UW Equity']"
2024-06-25,3984138.5549077233,7557999.217238042,11542137.772145765,-15861.445092276554,4,0.1542137772145764,0.7575757575757576,33,25,"['NKE UN Equity', 'PANW UW Equity', 'PEP UW Equity', 'NVDA UW Equity']"
2024-06-26,3984467.8805268286,7557999.217238042,11542467.09776487,-15532.119473171537,4,0.15424670977648702,0.7575757575757576,33,25,"['NKE UN Equity', 'PANW UW Equity', 'PEP UW Equity', 'NVDA UW Equity']"
2024-06-27,4014143.027440641,7557999.217238042,11572142.244678684,14143.027440640843,4,0.15721422446786826,0.7575757575757576,33,25,"['NKE UN Equity', 'PANW UW Equity', 'PEP UW Equity', 'NVDA UW Equity']"
2024-06-28,4811946.707256895,6557999.217238042,11369945.924494937,-188053.29274310567,5,0.13699459244949375,0.7575757575757576,33,25,"['NKE UN Equity', 'PANW UW Equity', 'PEP UW Equity', 'NVDA UW Equity', 'PDD UW Equity']"
2024-07-01,4826264.645323413,6557999.217238042,11384263.862561455,-173735.35467658634,5,0.13842638625614545,0.7575757575757576,33,25,"['NKE UN Equity', 'PANW UW Equity', 'PEP UW Equity', 'NVDA UW Equity', 'PDD UW Equity']"
2024-07-02,4815093.250222289,6557999.217238042,11373092.46746033,-184906.74977771158,5,0.13730924674603306,0.7575757575757576,33,25,"['NKE UN Equity', 'PANW UW Equity', 'PEP UW Equity', 'NVDA UW Equity', 'PDD UW Equity']"
2024-07-03,4874111.269340175,6557999.217238042,11432110.486578217,-125888.73065982491,5,0.14321104865782175,0.7575757575757576,33,25,"['NKE UN Equity', 'PANW UW Equity', 'PEP UW Equity', 'NVDA UW Equity', 'PDD UW Equity']"
2024-07-05,4861693.139822011,6557999.217238042,11419692.357060052,-138306.86017798947,5,0.14196923570600517,0.7575757575757576,33,25,"['NKE UN Equity', 'PANW UW Equity', 'PEP UW Equity', 'NVDA UW Equity', 'PDD UW Equity']"
2024-07-08,5817548.7799748685,5557999.217238042,11375547.99721291,-182451.22002513194,6,0.13755479972129092,0.7575757575757576,33,25,"['NKE UN Equity', 'PANW UW Equity', 'PEP UW Equity', 'NVDA UW Equity', 'PDD UW Equity', 'NOW UN Equity']"
2024-07-09,4786727.113623651,6596001.903498609,11382729.01712226,-213272.8863763489,5,0.13827290171222595,0.7647058823529411,34,26,"['NKE UN Equity', 'PANW UW Equity', 'PEP UW Equity', 'PDD UW Equity', 'NOW UN Equity']"
2024-07-10,4802108.013953012,6596001.903498609,11398109.91745162,-197891.98604698724,5,0.13981099174516198,0.7647058823529411,34,26,"['NKE UN Equity', 'PANW UW Equity', 'PEP UW Equity', 'PDD UW Equity', 'NOW UN Equity']"
2024-07-11,5809771.110017828,5596001.903498609,11405773.013516437,-190228.88998217182,6,0.1405773013516438,0.7647058823529411,34,26,"['NKE UN Equity', 'PANW UW Equity', 'PEP UW Equity', 'PDD UW Equity', 'NOW UN Equity', 'NVDA UW Equity']"
2024-07-12,5893018.192449999,5596001.903498609,11489020.095948607,-106981.80755000119,6,0.14890200959486077,0.7647058823529411,34,26,"['NKE UN Equity', 'PANW UW Equity', 'PEP UW Equity', 'PDD UW Equity', 'NOW UN Equity', 'NVDA UW Equity']"
2024-07-15,5843926.7368889805,5596001.903498609,11439928.64038759,-156073.26311101986,6,0.14399286403875888,0.7647058823529411,34,26,"['NKE UN Equity', 'PANW UW Equity', 'PEP UW Equity', 'PDD UW Equity', 'NOW UN Equity', 'NVDA UW Equity']"
2024-07-16,5814591.754106664,5596001.903498609,11410593.657605272,-185408.24589333578,6,0.14105936576052724,0.7647058823529411,34,26,"['NKE UN Equity', 'PANW UW Equity', 'PEP UW Equity', 'PDD UW Equity', 'NOW UN Equity', 'NVDA UW Equity']"
2024-07-17,4670243.937959443,6625201.636945025,11295445.574904468,-329756.06204055704,5,0.1295445574904468,0.7714285714285715,35,27,"['NKE UN Equity', 'PANW UW Equity', 'PDD UW Equity', 'NOW UN Equity', 'NVDA UW Equity']"
2024-07-18,4666556.513972877,6625201.636945025,11291758.150917903,-333443.48602712376,5,0.12917581509179032,0.7714285714285715,35,27,"['NKE UN Equity', 'PANW UW Equity', 'PDD UW Equity', 'NOW UN Equity', 'NVDA UW Equity']"
2024-07-19,4691019.78828046,6625201.636945025,11316221.425225485,-308980.2117195397,5,0.13162214252254856,0.7714285714285715,35,27,"['NKE UN Equity', 'PANW UW Equity', 'PDD UW Equity', 'NOW UN Equity', 'NVDA UW Equity']"
2024-07-22,5781291.322059307,5625201.636945025,11406492.959004331,-218708.67794069264,6,0.14064929590043307,0.7714285714285715,35,27,"['NKE UN Equity', 'PANW UW Equity', 'PDD UW Equity', 'NOW UN Equity', 'NVDA UW Equity', 'PEP UW Equity']"
2024-07-23,5760338.706784686,5625201.636945025,11385540.343729712,-239661.29321531346,6,0.1385540343729712,0.7714285714285715,35,27,"['NKE UN Equity', 'PANW UW Equity', 'PDD UW Equity', 'NOW UN Equity', 'NVDA UW Equity', 'PEP UW Equity']"
2024-07-24,5592521.956224751,5625201.636945025,11217723.593169775,-407478.0437752494,6,0.1217723593169775,0.7714285714285715,35,27,"['NKE UN Equity', 'PANW UW Equity', 'PDD UW Equity', 'NOW UN Equity', 'NVDA UW Equity', 'PEP UW Equity']"
2024-07-25,3593948.7241430897,7726931.049302815,11320879.773445904,-406051.2758569103,4,0.13208797734459043,0.7837837837837838,37,29,"['NKE UN Equity', 'PANW UW Equity', 'PDD UW Equity', 'NVDA UW Equity']"
2024-07-26,3640946.510295342,7726931.049302815,11367877.559598157,-359053.4897046577,4,0.13678775595981563,0.7837837837837838,37,29,"['NKE UN Equity', 'PANW UW Equity', 'PDD UW Equity', 'NVDA UW Equity']"
2024-07-29,3599611.2667694855,7726931.049302815,11326542.3160723,-400388.7332305148,4,0.1326542316072301,0.7837837837837838,37,29,"['NKE UN Equity', 'PANW UW Equity', 'PDD UW Equity', 'NVDA UW Equity']"
2024-07-30,3497430.396529353,7726931.049302815,11224361.445832169,-502569.60347064666,4,0.12243614458321694,0.7837837837837838,37,29,"['NKE UN Equity', 'PANW UW Equity', 'PDD UW Equity', 'NVDA UW Equity']"
2024-07-31,3673508.686258281,7726931.049302815,11400439.735561097,-326491.31374171877,4,0.14004397355610965,0.7837837837837838,37,29,"['NKE UN Equity', 'PANW UW Equity', 'PDD UW Equity', 'NVDA UW Equity']"
2024-08-01,3564766.510421178,7726931.049302815,11291697.559723994,-435233.48957882216,4,0.12916975597239944,0.7837837837837838,37,29,"['NKE UN Equity', 'PANW UW Equity', 'PDD UW Equity', 'NVDA UW Equity']"
2024-08-02,2526766.7938575787,8715767.807108996,11242534.600966575,-473233.2061424211,3,0.12425346009665739,0.7631578947368421,38,29,"['NKE UN Equity', 'PDD UW Equity', 'NVDA UW Equity']"
2024-08-05,4438636.16448072,6715767.807108996,11154403.971589716,-561363.8355192805,5,0.1154403971589717,0.7631578947368421,38,29,"['NKE UN Equity', 'PDD UW Equity', 'NVDA UW Equity', 'NOW UN Equity', 'ADBE UW Equity']"
2024-08-06,3537009.6360246944,7730717.824388554,11267727.46041325,-462990.36397530546,4,0.12677274604132482,0.7692307692307693,39,30,"['NKE UN Equity', 'PDD UW Equity', 'NVDA UW Equity', 'ADBE UW Equity']"
2024-08-07,4499119.952505988,6730717.824388554,11229837.776894543,-500880.0474940111,5,0.12298377768945423,0.7692307692307693,39,30,"['NKE UN Equity', 'PDD UW Equity', 'NVDA UW Equity', 'ADBE UW Equity', 'NOW UN Equity']"
2024-08-08,3590284.640872199,7797375.750389738,11387660.391261937,-409715.3591278008,4,0.13876603912619379,0.7804878048780488,41,32,"['NKE UN Equity', 'PDD UW Equity', 'NVDA UW Equity', 'PANW UW Equity']"
2024-08-09,3634639.697786329,7797375.750389738,11432015.448176067,-365360.30221367115,4,0.14320154481760672,0.7804878048780488,41,32,"['NKE UN Equity', 'PDD UW Equity', 'NVDA UW Equity', 'PANW UW Equity']"
2024-08-12,3703224.278705443,7797375.750389738,11500600.02909518,-296775.7212945573,4,0.15006000290951804,0.7804878048780488,41,32,"['NKE UN Equity', 'PDD UW Equity', 'NVDA UW Equity', 'PANW UW Equity']"
2024-08-13,2765395.6701662824,8847348.967770083,11612744.637936365,-234604.32983371732,3,0.16127446379363652,0.7857142857142857,42,33,"['NKE UN Equity', 'PDD UW Equity', 'NVDA UW Equity']"
2024-08-14,2765475.4947345196,8847348.967770083,11612824.462504603,-234524.50526548026,3,0.1612824462504603,0.7857142857142857,42,33,"['NKE UN Equity', 'PDD UW Equity', 'NVDA UW Equity']"
2024-08-15,2865377.7217824273,8847348.967770083,11712726.68955251,-134622.27821757272,3,0.17127266895525106,0.7857142857142857,42,33,"['NKE UN Equity', 'PDD UW Equity', 'NVDA UW Equity']"
2024-08-16,2917709.8390773754,8847348.967770083,11765058.806847459,-82290.16092262429,3,0.17650588068474593,0.7857142857142857,42,33,"['NKE UN Equity', 'PDD UW Equity', 'NVDA UW Equity']"
2024-08-19,2974433.1405520374,8847348.967770083,11821782.108322121,-25566.85944796237,3,0.18217821083221208,0.7857142857142857,42,33,"['NKE UN Equity', 'PDD UW Equity', 'NVDA UW Equity']"
2024-08-20,2903771.920639734,8847348.967770083,11751120.888409816,-96228.07936026622,3,0.17511208884098162,0.7857142857142857,42,33,"['NKE UN Equity', 'PDD UW Equity', 'NVDA UW Equity']"
2024-08-21,2930764.322220444,8847348.967770083,11778113.289990528,-69235.6777795559,3,0.17781132899905283,0.7857142857142857,42,33,"['NKE UN Equity', 'PDD UW Equity', 'NVDA UW Equity']"
2024-08-22,2897087.805127315,8847348.967770083,11744436.772897398,-102912.19487268466,3,0.17444367728973975,0.7857142857142857,42,33,"['NKE UN Equity', 'PDD UW Equity', 'NVDA UW Equity']"
2024-08-23,2892502.9355739,8847348.967770083,11739851.903343983,-107497.06442609988,3,0.1739851903343983,0.7857142857142857,42,33,"['NKE UN Equity', 'PDD UW Equity', 'NVDA UW Equity']"
2024-08-26,2572031.8735852162,8847348.967770083,11419380.8413553,-427968.12641478353,3,0.14193808413553,0.7857142857142857,42,33,"['NKE UN Equity', 'PDD UW Equity', 'NVDA UW Equity']"
2024-08-27,2565624.7527093245,8847348.967770083,11412973.720479406,-434375.24729067576,3,0.14129737204794068,0.7857142857142857,42,33,"['NKE UN Equity', 'PDD UW Equity', 'NVDA UW Equity']"
2024-08-28,2469275.7297926676,8847348.967770083,11316624.69756275,-530724.270207332,3,0.13166246975627494,0.7857142857142857,42,33,"['NKE UN Equity', 'PDD UW Equity', 'NVDA UW Equity']"
2024-08-29,2442904.570778541,8847348.967770083,11290253.538548624,-557095.4292214592,3,0.12902535385486247,0.7857142857142857,42,33,"['NKE UN Equity', 'PDD UW Equity', 'NVDA UW Equity']"
2024-08-30,2477698.411837276,8847348.967770083,11325047.379607359,-522301.5881627239,3,0.1325047379607358,0.7857142857142857,42,33,"['NKE UN Equity', 'PDD UW Equity', 'NVDA UW Equity']"
2024-09-03,2381156.4701208496,8847348.967770083,11228505.437890932,-618843.5298791504,3,0.12285054378909321,0.7857142857142857,42,33,"['NKE UN Equity', 'PDD UW Equity', 'NVDA UW Equity']"
2024-09-04,2326553.4705335703,8847348.967770083,11173902.438303653,-673446.52946643,3,0.11739024383036534,0.7857142857142857,42,33,"['NKE UN Equity', 'PDD UW Equity', 'NVDA UW Equity']"
2024-09-05,2332011.311226093,8847348.967770083,11179360.278996177,-667988.6887739068,3,0.11793602789961777,0.7857142857142857,42,33,"['NKE UN Equity', 'PDD UW Equity', 'NVDA UW Equity']"
2024-09-06,2300331.7188777067,8847348.967770083,11147680.68664779,-699668.2811222936,3,0.11476806866477895,0.7857142857142857,42,33,"['NKE UN Equity', 'PDD UW Equity', 'NVDA UW Equity']"
2024-09-09,3311395.347861008,7847348.967770083,11158744.315631092,-688604.6521389917,4,0.11587443156310906,0.7857142857142857,42,33,"['NKE UN Equity', 'PDD UW Equity', 'NVDA UW Equity', 'GOOGL UW Equity']"
2024-09-10,3314624.789453811,7847348.967770083,11161973.757223893,-685375.2105461889,4,0.1161973757223893,0.7857142857142857,42,33,"['NKE UN Equity', 'PDD UW Equity', 'NVDA UW Equity', 'GOOGL UW Equity']"
2024-09-11,2403854.0928312205,8863823.98626245,11267678.07909367,-596145.9071687795,3,0.12676780790936704,0.7906976744186046,43,34,"['NKE UN Equity', 'PDD UW Equity', 'NVDA UW Equity']"
2024-09-12,2436777.3480534065,8863823.98626245,11300601.334315857,-563222.6519465934,3,0.13006013343158562,0.7906976744186046,43,34,"['NKE UN Equity', 'PDD UW Equity', 'NVDA UW Equity']"
2024-09-13,3424850.21078034,7863823.98626245,11288674.19704279,-575149.7892196601,4,0.12886741970427895,0.7906976744186046,43,34,"['NKE UN Equity', 'PDD UW Equity', 'NVDA UW Equity', 'ADBE UW Equity']"
2024-09-16,3402387.956310809,7863823.98626245,11266211.942573259,-597612.0436891908,4,0.12662119425732588,0.7906976744186046,43,34,"['NKE UN Equity', 'PDD UW Equity', 'NVDA UW Equity', 'ADBE UW Equity']"
2024-09-17,3398116.473605048,7863823.98626245,11261940.459867498,-601883.5263949521,4,0.12619404598674988,0.7906976744186046,43,34,"['NKE UN Equity', 'PDD UW Equity', 'NVDA UW Equity', 'ADBE UW Equity']"
2024-09-18,4369262.546817647,6863823.98626245,11233086.533080097,-630737.4531823527,5,0.12330865330800966,0.7906976744186046,43,34,"['NKE UN Equity', 'PDD UW Equity', 'NVDA UW Equity', 'ADBE UW Equity', 'PANW UW Equity']"
2024-09-19,3452637.5391800744,7875499.498013777,11328137.037193852,-547362.4608199256,4,0.13281370371938506,0.7954545454545454,44,35,"['NKE UN Equity', 'PDD UW Equity', 'NVDA UW Equity', 'ADBE UW Equity']"
2024-09-20,3484023.965479171,7875499.498013777,11359523.463492949,-515976.0345208292,4,0.13595234634929487,0.7954545454545454,44,35,"['NKE UN Equity', 'PDD UW Equity', 'NVDA UW Equity', 'ADBE UW Equity']"
2024-09-23,3511350.681983996,7875499.498013777,11386850.179997772,-488649.3180160037,4,0.13868501799977717,0.7954545454545454,44,35,"['NKE UN Equity', 'PDD UW Equity', 'NVDA UW Equity', 'ADBE UW Equity']"
2024-09-24,4639324.036603044,6875499.498013777,11514823.53461682,-360675.96339695633,5,0.15148235346168204,0.7954545454545454,44,35,"['NKE UN Equity', 'PDD UW Equity', 'NVDA UW Equity', 'ADBE UW Equity', 'PEP UW Equity']"
2024-09-25,4651846.748674724,6875499.498013777,11527346.2466885,-348153.25132527563,5,0.1527346246688499,0.7954545454545454,44,35,"['NKE UN Equity', 'PDD UW Equity', 'NVDA UW Equity', 'ADBE UW Equity', 'PEP UW Equity']"
2024-09-26,4782947.505584747,6875499.498013777,11658447.003598522,-217052.49441525294,5,0.16584470035985222,0.7954545454545454,44,35,"['NKE UN Equity', 'PDD UW Equity', 'NVDA UW Equity', 'ADBE UW Equity', 'PEP UW Equity']"
2024-09-27,4809706.112346631,6875499.498013777,11685205.610360406,-190293.88765336946,5,0.16852056103604074,0.7954545454545454,44,35,"['NKE UN Equity', 'PDD UW Equity', 'NVDA UW Equity', 'ADBE UW Equity', 'PEP UW Equity']"
2024-09-30,5800103.017321423,5875499.498013777,11675602.515335198,-199896.98267857672,6,0.16756025153351994,0.7954545454545454,44,35,"['NKE UN Equity', 'PDD UW Equity', 'NVDA UW Equity', 'ADBE UW Equity', 'PEP UW Equity', 'NOW UN Equity']"
2024-10-01,5794786.13409322,5884091.776733174,11678877.910826394,-205213.86590677977,6,0.16788779108263951,0.8,45,36,"['NKE UN Equity', 'PDD UW Equity', 'NVDA UW Equity', 'ADBE UW Equity', 'NOW UN Equity', 'PANW UW Equity']"
2024-10-02,6832321.327222863,4884091.776733174,11716413.103956036,-167678.67277713702,7,0.1716413103956036,0.8,45,36,"['NKE UN Equity', 'PDD UW Equity', 'NVDA UW Equity', 'ADBE UW Equity', 'NOW UN Equity', 'PANW UW Equity', 'PEP UW Equity']"
2024-10-03,5846279.585166695,5904286.741657709,11750566.326824404,-153720.4148333046,6,0.17505663268244054,0.8043478260869565,46,37,"['NKE UN Equity', 'PDD UW Equity', 'NVDA UW Equity', 'ADBE UW Equity', 'NOW UN Equity', 'PEP UW Equity']"
2024-10-04,4883670.822443734,6930326.836023701,11813997.658467434,-116329.1775562662,5,0.18139976584674344,0.8085106382978723,47,38,"['NKE UN Equity', 'PDD UW Equity', 'NVDA UW Equity', 'ADBE UW Equity', 'PEP UW Equity']"
2024-10-07,5841248.95311938,5930326.836023701,11771575.789143082,-158751.04688061972,6,0.17715757891430828,0.8085106382978723,47,38,"['NKE UN Equity', 'PDD UW Equity', 'NVDA UW Equity', 'ADBE UW Equity', 'PEP UW Equity', 'GOOGL UW Equity']"
2024-10-08,4854922.445870557,6938916.8470680015,11793839.292938558,-145077.55412944336,5,0.17938392929385594,0.8125,48,39,"['NKE UN Equity', 'PDD UW Equity', 'NVDA UW Equity', 'ADBE UW Equity', 'PEP UW Equity']"
2024-10-09,4834875.745919658,6956551.763021997,11791427.508941654,-165124.25408034236,5,0.17914275089416543,0.8163265306122449,49,40,"['NKE UN Equity', 'PDD UW Equity', 'NVDA UW Equity', 'ADBE UW Equity', 'GOOGL UW Equity']"
2024-10-10,4868257.916319936,6956551.763021997,11824809.679341933,-131742.08368006418,5,0.18248096793419322,0.8163265306122449,49,40,"['NKE UN Equity', 'PDD UW Equity', 'NVDA UW Equity', 'ADBE UW Equity', 'GOOGL UW Equity']"
2024-10-11,4884575.0668034395,6956551.763021997,11841126.829825437,-115424.9331965606,5,0.18411268298254369,0.8163265306122449,49,40,"['NKE UN Equity', 'PDD UW Equity', 'NVDA UW Equity', 'ADBE UW Equity', 'GOOGL UW Equity']"
2024-10-14,3857159.5642610923,7975704.116908072,11832863.681169163,-142840.43573890743,4,0.18328636811691634,0.82,50,41,"['NKE UN Equity', 'PDD UW Equity', 'NVDA UW Equity', 'ADBE UW Equity']"
2024-10-15,3749642.0836837096,7975704.116908072,11725346.20059178,-250357.91631629004,4,0.17253462005917797,0.82,50,41,"['NKE UN Equity', 'PDD UW Equity', 'NVDA UW Equity', 'ADBE UW Equity']"
2024-10-16,3783526.8718483485,7975704.116908072,11759230.98875642,-216473.12815165124,4,0.17592309887564195,0.82,50,41,"['NKE UN Equity', 'PDD UW Equity', 'NVDA UW Equity', 'ADBE UW Equity']"
2024-10-17,4748731.916824633,6975704.116908072,11724436.033732705,-251268.08317536663,5,0.17244360337327058,0.82,50,41,"['NKE UN Equity', 'PDD UW Equity', 'NVDA UW Equity', 'ADBE UW Equity', 'GOOGL UW Equity']"
2024-10-18,4759278.159413128,6975704.116908072,11734982.276321199,-240721.84058687137,5,0.17349822763211997,0.82,50,41,"['NKE UN Equity', 'PDD UW Equity', 'NVDA UW Equity', 'ADBE UW Equity', 'GOOGL UW Equity']"
2024-10-21,3793995.155222211,7982700.986729467,11776696.141951678,-206004.84477778862,4,0.1776696141951679,0.8235294117647058,51,42,"['NKE UN Equity', 'PDD UW Equity', 'NVDA UW Equity', 'ADBE UW Equity']"
2024-10-22,3811350.059651196,7982700.986729467,11794051.046380663,-188649.94034880423,4,0.17940510463806625,0.8235294117647058,51,42,"['NKE UN Equity', 'PDD UW Equity', 'NVDA UW Equity', 'ADBE UW Equity']"
2024-10-23,4704811.59122248,6982700.986729467,11687512.577951947,-295188.4087775202,5,0.16875125779519462,0.8235294117647058,51,42,"['NKE UN Equity', 'PDD UW Equity', 'NVDA UW Equity', 'ADBE UW Equity', 'GOOGL UW Equity']"
2024-10-24,4689957.1911887545,6982700.986729467,11672658.177918222,-310042.80881124537,5,0.16726581779182226,0.8235294117647058,51,42,"['NKE UN Equity', 'PDD UW Equity', 'NVDA UW Equity', 'ADBE UW Equity', 'GOOGL UW Equity']"
2024-10-25,3707112.371379758,7997997.706228177,11705110.077607935,-292887.628620242,4,0.17051100776079342,0.8269230769230769,52,43,"['NKE UN Equity', 'PDD UW Equity', 'NVDA UW Equity', 'ADBE UW Equity']"
2024-10-28,4719674.916523321,6997997.706228177,11717672.622751497,-280325.08347667987,5,0.1717672622751496,0.8269230769230769,52,43,"['NKE UN Equity', 'PDD UW Equity', 'NVDA UW Equity', 'ADBE UW Equity', 'PEP UW Equity']"
2024-10-29,4710662.181279994,6997997.706228177,11708659.88750817,-289337.8187200064,5,0.17086598875081704,0.8269230769230769,52,43,"['NKE UN Equity', 'PDD UW Equity', 'NVDA UW Equity', 'ADBE UW Equity', 'PEP UW Equity']"
2024-10-30,4638353.335580718,6997997.706228177,11636351.041808896,-361646.6644192821,5,0.16363510418088967,0.8269230769230769,52,43,"['NKE UN Equity', 'PDD UW Equity', 'NVDA UW Equity', 'ADBE UW Equity', 'PEP UW Equity']"
2024-10-31,4574528.492755774,6997997.706228177,11572526.198983952,-425471.50724422594,5,0.15725261989839523,0.8269230769230769,52,43,"['NKE UN Equity', 'PDD UW Equity', 'NVDA UW Equity', 'ADBE UW Equity', 'PEP UW Equity']"
2024-11-01,4610059.9970999025,6997997.706228177,11608057.70332808,-389940.002900098,5,0.16080577033280807,0.8269230769230769,52,43,"['NKE UN Equity', 'PDD UW Equity', 'NVDA UW Equity', 'ADBE UW Equity', 'PEP UW Equity']"
2024-11-04,4621575.719963271,6997997.706228177,11619573.42619145,-378424.28003672895,5,0.16195734261914496,0.8269230769230769,52,43,"['NKE UN Equity', 'PDD UW Equity', 'NVDA UW Equity', 'ADBE UW Equity', 'PEP UW Equity']"
2024-11-05,4676683.885203457,6997997.706228177,11674681.591431635,-323316.11479654256,5,0.1674681591431635,0.8269230769230769,52,43,"['NKE UN Equity', 'PDD UW Equity', 'NVDA UW Equity', 'ADBE UW Equity', 'PEP UW Equity']"
2024-11-06,5699234.910272451,5997997.706228177,11697232.616500627,-300765.08972754865,6,0.1697232616500628,0.8269230769230769,52,43,"['NKE UN Equity', 'PDD UW Equity', 'NVDA UW Equity', 'ADBE UW Equity', 'PEP UW Equity', 'LLY UN Equity']"
2024-11-07,5786331.404747212,5997997.706228177,11784329.110975388,-213668.59525278828,6,0.1784329110975389,0.8269230769230769,52,43,"['NKE UN Equity', 'PDD UW Equity', 'NVDA UW Equity', 'ADBE UW Equity', 'PEP UW Equity', 'LLY UN Equity']"
2024-11-08,4683276.739334444,7069045.389063902,11752322.128398346,-316723.2606655563,5,0.17523221283983448,0.8301886792452831,53,44,"['NKE UN Equity', 'PDD UW Equity', 'NVDA UW Equity', 'ADBE UW Equity', 'PEP UW Equity']"
2024-11-11,4680026.022270589,7069045.389063902,11749071.411334492,-319973.9777294111,5,0.1749071411334493,0.8301886792452831,53,44,"['NKE UN Equity', 'PDD UW Equity', 'NVDA UW Equity', 'ADBE UW Equity', 'PEP UW Equity']"
2024-11-12,4720538.402825883,7069045.389063902,11789583.791889785,-279461.5971741171,5,0.1789583791889784,0.8301886792452831,53,44,"['NKE UN Equity', 'PDD UW Equity', 'NVDA UW Equity', 'ADBE UW Equity', 'PEP UW Equity']"
2024-11-13,4714055.290061545,7069045.389063902,11783100.679125447,-285944.70993845526,5,0.17831006791254467,0.8301886792452831,53,44,"['NKE UN Equity', 'PDD UW Equity', 'NVDA UW Equity', 'ADBE UW Equity', 'PEP UW Equity']"
2024-11-14,5699048.36682867,6069045.389063902,11768093.755892571,-300951.63317133,6,0.17680937558925702,0.8301886792452831,53,44,"['NKE UN Equity', 'PDD UW Equity', 'NVDA UW Equity', 'ADBE UW Equity', 'PEP UW Equity', 'LLY UN Equity']"
2024-11-15,5544987.030549532,6069045.389063902,11614032.419613434,-455012.9694504682,6,0.16140324196134337,0.8301886792452831,53,44,"['NKE UN Equity', 'PDD UW Equity', 'NVDA UW Equity', 'ADBE UW Equity', 'PEP UW Equity', 'LLY UN Equity']"
2024-11-18,5505082.75212325,6069045.389063902,11574128.141187152,-494917.24787675065,6,0.15741281411871522,0.8301886792452831,53,44,"['NKE UN Equity', 'PDD UW Equity', 'NVDA UW Equity', 'ADBE UW Equity', 'PEP UW Equity', 'LLY UN Equity']"
2024-11-19,5546017.389901367,6069045.389063902,11615062.778965268,-453982.6100986332,6,0.16150627789652683,0.8301886792452831,53,44,"['NKE UN Equity', 'PDD UW Equity', 'NVDA UW Equity', 'ADBE UW Equity', 'PEP UW Equity', 'LLY UN Equity']"
2024-11-20,5564684.008443218,6069045.389063902,11633729.39750712,-435315.99155678216,6,0.163372939750712,0.8301886792452831,53,44,"['NKE UN Equity', 'PDD UW Equity', 'NVDA UW Equity', 'ADBE UW Equity', 'PEP UW Equity', 'LLY UN Equity']"
2024-11-21,5508800.437079618,6069045.389063902,11577845.82614352,-491199.56292038306,6,0.15778458261435202,0.8301886792452831,53,44,"['NKE UN Equity', 'PDD UW Equity', 'NVDA UW Equity', 'ADBE UW Equity', 'PEP UW Equity', 'LLY UN Equity']"
2024-11-22,5485796.028165633,6069045.389063902,11554841.417229535,-514203.97183436656,6,0.15548414172295355,0.8301886792452831,53,44,"['NKE UN Equity', 'PDD UW Equity', 'NVDA UW Equity', 'ADBE UW Equity', 'PEP UW Equity', 'LLY UN Equity']"
2024-11-25,5489498.940635617,6069045.389063902,11558544.32969952,-510501.05936438264,6,0.15585443296995205,0.8301886792452831,53,44,"['NKE UN Equity', 'PDD UW Equity', 'NVDA UW Equity', 'ADBE UW Equity', 'PEP UW Equity', 'LLY UN Equity']"
2024-11-26,5520636.660816549,6069045.389063902,11589682.049880452,-479363.33918345044,6,0.1589682049880452,0.8301886792452831,53,44,"['NKE UN Equity', 'PDD UW Equity', 'NVDA UW Equity', 'ADBE UW Equity', 'PEP UW Equity', 'LLY UN Equity']"
2024-11-27,5491780.049950206,6069045.389063902,11560825.439014107,-508219.95004979393,6,0.15608254390141063,0.8301886792452831,53,44,"['NKE UN Equity', 'PDD UW Equity', 'NVDA UW Equity', 'ADBE UW Equity', 'PEP UW Equity', 'LLY UN Equity']"
2024-11-29,5519589.5783197265,6069045.389063902,11588634.967383629,-480410.4216802735,6,0.15886349673836286,0.8301886792452831,53,44,"['NKE UN Equity', 'PDD UW Equity', 'NVDA UW Equity', 'ADBE UW Equity', 'PEP UW Equity', 'LLY UN Equity']"
2024-12-02,5547723.270361036,6069045.389063902,11616768.659424938,-452276.72963896405,6,0.16167686594249386,0.8301886792452831,53,44,"['NKE UN Equity', 'PDD UW Equity', 'NVDA UW Equity', 'ADBE UW Equity', 'PEP UW Equity', 'LLY UN Equity']"
2024-12-03,4529177.120691685,7103513.674425692,11632690.795117378,-470822.879308315,5,0.16326907951173775,0.8333333333333334,54,45,"['NKE UN Equity', 'PDD UW Equity', 'NVDA UW Equity', 'ADBE UW Equity', 'PEP UW Equity']"
2024-12-04,3594067.297913895,8102805.868066611,11696873.165980507,-405932.70208610455,4,0.16968731659805059,0.8181818181818182,55,45,"['NKE UN Equity', 'PDD UW Equity', 'NVDA UW Equity', 'PEP UW Equity']"
2024-12-05,3599507.121402627,8102805.868066611,11702312.989469238,-400492.87859737326,4,0.17023129894692368,0.8181818181818182,55,45,"['NKE UN Equity', 'PDD UW Equity', 'NVDA UW Equity', 'PEP UW Equity']"
2024-12-06,3572781.698548685,8102805.868066611,11675587.566615295,-427218.30145131506,4,0.16755875666152953,0.8181818181818182,55,45,"['NKE UN Equity', 'PDD UW Equity', 'NVDA UW Equity', 'PEP UW Equity']"
2024-12-09,3620436.85074451,8102805.868066611,11723242.71881112,-379563.1492554896,4,0.172324271881112,0.8181818181818182,55,45,"['NKE UN Equity', 'PDD UW Equity', 'NVDA UW Equity', 'PEP UW Equity']"
2024-12-10,4540498.803437919,7102805.868066611,11643304.671504531,-459501.19656208064,5,0.16433046715045307,0.8181818181818182,55,45,"['NKE UN Equity', 'PDD UW Equity', 'NVDA UW Equity', 'PEP UW Equity', 'LLY UN Equity']"
2024-12-11,4563926.642725946,7102805.868066611,11666732.510792557,-436073.35727405397,5,0.16667325107925568,0.8181818181818182,55,45,"['NKE UN Equity', 'PDD UW Equity', 'NVDA UW Equity', 'PEP UW Equity', 'LLY UN Equity']"
2024-12-12,5544486.814473716,6102805.868066611,11647292.682540327,-455513.1855262837,6,0.16472926825403267,0.8181818181818182,55,45,"['NKE UN Equity', 'PDD UW Equity', 'NVDA UW Equity', 'PEP UW Equity', 'LLY UN Equity', 'ADBE UW Equity']"
2024-12-13,5479442.309883096,6102805.868066611,11582248.177949708,-520557.6901169035,6,0.15822481779497077,0.8181818181818182,55,45,"['NKE UN Equity', 'PDD UW Equity', 'NVDA UW Equity', 'PEP UW Equity', 'LLY UN Equity', 'ADBE UW Equity']"
2024-12-16,5408380.343295524,6102805.868066611,11511186.211362135,-591619.656704476,6,0.15111862113621344,0.8181818181818182,55,45,"['NKE UN Equity', 'PDD UW Equity', 'NVDA UW Equity', 'PEP UW Equity', 'LLY UN Equity', 'ADBE UW Equity']"
2024-12-17,5411688.921909204,6102805.868066611,11514494.789975815,-588311.0780907958,6,0.15144947899758154,0.8181818181818182,55,45,"['NKE UN Equity', 'PDD UW Equity', 'NVDA UW Equity', 'PEP UW Equity', 'LLY UN Equity', 'ADBE UW Equity']"
2024-12-18,5324433.771920719,6102805.868066611,11427239.63998733,-675566.2280792812,6,0.142723963998733,0.8181818181818182,55,45,"['NKE UN Equity', 'PDD UW Equity', 'NVDA UW Equity', 'PEP UW Equity', 'LLY UN Equity', 'ADBE UW Equity']"
2024-12-19,5303003.106302131,6102805.868066611,11405808.974368742,-696996.8936978679,6,0.14058089743687407,0.8181818181818182,55,45,"['NKE UN Equity', 'PDD UW Equity', 'NVDA UW Equity', 'PEP UW Equity', 'LLY UN Equity', 'ADBE UW Equity']"
2024-12-20,5362938.826025818,6102805.868066611,11465744.694092428,-637061.1739741827,6,0.1465744694092428,0.8181818181818182,55,45,"['NKE UN Equity', 'PDD UW Equity', 'NVDA UW Equity', 'PEP UW Equity', 'LLY UN Equity', 'ADBE UW Equity']"
2024-12-23,5434162.084470245,6102805.868066611,11536967.952536855,-565837.9155297541,6,0.1536967952536854,0.8181818181818182,55,45,"['NKE UN Equity', 'PDD UW Equity', 'NVDA UW Equity', 'PEP UW Equity', 'LLY UN Equity', 'ADBE UW Equity']"
2024-12-24,5443020.047079569,6102805.868066611,11545825.91514618,-556979.9529204316,6,0.15458259151461795,0.8181818181818182,55,45,"['NKE UN Equity', 'PDD UW Equity', 'NVDA UW Equity', 'PEP UW Equity', 'LLY UN Equity', 'ADBE UW Equity']"
2024-12-26,5436407.993404495,6102805.868066611,11539213.861471105,-563592.0065955054,6,0.15392138614711048,0.8181818181818182,55,45,"['NKE UN Equity', 'PDD UW Equity', 'NVDA UW Equity', 'PEP UW Equity', 'LLY UN Equity', 'ADBE UW Equity']"
2024-12-27,5378879.7469511,6102805.868066611,11481685.615017712,-621120.253048899,6,0.14816856150177116,0.8181818181818182,55,45,"['NKE UN Equity', 'PDD UW Equity', 'NVDA UW Equity', 'PEP UW Equity', 'LLY UN Equity', 'ADBE UW Equity']"
2024-12-30,5322267.698398955,6102805.868066611,11425073.566465566,-677732.3016010452,6,0.14250735664655667,0.8181818181818182,55,45,"['NKE UN Equity', 'PDD UW Equity', 'NVDA UW Equity', 'PEP UW Equity', 'LLY UN Equity', 'ADBE UW Equity']"
2024-12-31,5324058.904850366,6102805.868066611,11426864.772916976,-675941.0951496344,6,0.1426864772916976,0.8181818181818182,55,45,"['NKE UN Equity', 'PDD UW Equity', 'NVDA UW Equity', 'PEP UW Equity', 'LLY UN Equity', 'ADBE UW Equity']"
2025-01-02,5324175.436957642,6102805.868066611,11426981.305024253,-675824.563042357,6,0.1426981305024253,0.8181818181818182,55,45,"['NKE UN Equity', 'PDD UW Equity', 'NVDA UW Equity', 'PEP UW Equity', 'LLY UN Equity', 'ADBE UW Equity']"
2025-01-03,5348084.836934556,6102805.868066611,11450890.705001168,-651915.1630654437,6,0.14508907050011688,0.8181818181818182,55,45,"['NKE UN Equity', 'PDD UW Equity', 'NVDA UW Equity', 'PEP UW Equity', 'LLY UN Equity', 'ADBE UW Equity']"
2025-01-06,5350979.687608115,6102805.868066611,11453785.555674726,-649020.3123918845,6,0.1453785555674727,0.8181818181818182,55,45,"['NKE UN Equity', 'PDD UW Equity', 'NVDA UW Equity', 'PEP UW Equity', 'LLY UN Equity', 'ADBE UW Equity']"
2025-01-07,5278084.119424614,6102805.868066611,11380889.987491224,-721915.8805753859,6,0.1380889987491225,0.8181818181818182,55,45,"['NKE UN Equity', 'PDD UW Equity', 'NVDA UW Equity', 'PEP UW Equity', 'LLY UN Equity', 'ADBE UW Equity']"
2025-01-08,5285447.565761913,6102805.868066611,11388253.433828523,-714552.4342380883,6,0.13882534338285235,0.8181818181818182,55,45,"['NKE UN Equity', 'PDD UW Equity', 'NVDA UW Equity', 'PEP UW Equity', 'LLY UN Equity', 'ADBE UW Equity']"
2025-01-10,5173290.401452829,6102805.868066611,11276096.26951944,-826709.5985471706,6,0.127609626951944,0.8181818181818182,55,45,"['NKE UN Equity', 'PDD UW Equity', 'NVDA UW Equity', 'PEP UW Equity', 'LLY UN Equity', 'ADBE UW Equity']"
